{
  "model": "Random Forest",
  "mae": 159343.4471661842,
  "r2": 0.5786340719506795,
  "experiments": {
    "Linear Regression": {
      "mae_mean": 178514.06390799346,
      "mae_std": 8723.360333089502,
      "r2_mean": 0.5754899210197509,
      "r2_std": 0.04372332175835186
    },
    "Decision Tree": {
      "mae_mean": 170647.1479573018,
      "mae_std": 9556.500005062753,
      "r2_mean": 0.4487942851492181,
      "r2_std": 0.10995171937355093
    },
    "Random Forest": {
      "mae_mean": 147725.2102091319,
      "mae_std": 7584.35798113821,
      "r2_mean": 0.6534441055740213,
      "r2_std": 0.057627583848595086
    },
    "SVR": {
      "mae_mean": 272418.1215210266,
      "mae_std": 16622.23814322277,
      "r2_mean": -0.052418592378630495,
      "r2_std": 0.013114505455562806
    }
  }
}